Perimeter,Major_Axis_Length,Area,Convex_Area,Eccentricity,Minor_Axis_Length,Actual,Predicted
467.7659912109375,193.68093872070312,13619.0,13926.0,0.884190559387207,90.47348022460938,Osmancik,Cammeo
458.3590087890625,195.08230590820312,12013.0,12330.0,0.9128693342208862,79.64270782470703,Osmancik,Cammeo
473.6099853515625,206.2255096435547,12959.0,13309.0,0.9203919172286987,80.63357543945312,Osmancik,Cammeo
461.3450012207031,191.40777587890625,12451.0,12833.0,0.8981459736824036,84.1614990234375,Osmancik,Cammeo
492.06500244140625,198.02740478515625,15062.0,15584.0,0.8657425045967102,99.11066436767578,Osmancik,Cammeo
454.7760009765625,191.1208038330078,12162.0,12493.0,0.9024909138679504,82.31742858886719,Cammeo,Osmancik
451.79901123046875,192.73880004882812,12501.0,12687.0,0.9020427465438843,83.19506072998047,Osmancik,Cammeo
456.4410095214844,185.9820098876953,13059.0,13339.0,0.874504566192627,90.20448303222656,Cammeo,Osmancik
441.02301025390625,182.7528076171875,12040.0,12372.0,0.8848183155059814,85.1511459350586,Cammeo,Osmancik
470.1000061035156,197.197021484375,13093.0,13358.0,0.9003897905349731,85.79728698730469,Osmancik,Cammeo
469.4540100097656,196.6380157470703,13443.0,13686.0,0.8943255543708801,87.9791488647461,Osmancik,Cammeo
448.4259948730469,191.07705688476562,11963.0,12205.0,0.9061574339866638,80.8142318725586,Cammeo,Osmancik
433.5140075683594,180.38232421875,11510.0,11827.0,0.8889326453208923,82.62195587158203,Cammeo,Osmancik
466.5199890136719,197.8632354736328,12574.0,12902.0,0.9103398323059082,81.88799285888672,Osmancik,Cammeo
446.85699462890625,189.68528747558594,11538.0,11852.0,0.909207284450531,78.97428894042969,Cammeo,Osmancik
465.17999267578125,191.29664611816406,13002.0,13345.0,0.888120710849762,87.9218978881836,Osmancik,Cammeo
448.6860046386719,187.7010040283203,12318.0,12579.0,0.8938891291618347,84.14411926269531,Cammeo,Osmancik
455.2969970703125,188.6578826904297,12626.0,12911.0,0.8884159922599792,86.60137939453125,Cammeo,Osmancik
445.010009765625,184.30517578125,12859.0,13030.0,0.8742557764053345,89.47380828857422,Cammeo,Osmancik
445.8909912109375,192.9521942138672,11846.0,12010.0,0.9135660529136658,78.47179412841797,Cammeo,Osmancik
447.37701416015625,184.09530639648438,12158.0,12467.0,0.8872727751731873,84.91305541992188,Cammeo,Osmancik
459.8590087890625,192.59071350097656,13233.0,13436.0,0.8885768055915833,88.34671783447266,Osmancik,Cammeo
444.927001953125,187.75836181640625,11958.0,12240.0,0.8998933434486389,81.88331604003906,Cammeo,Osmancik
464.4079895019531,198.21151733398438,13259.0,13445.0,0.9014177918434143,85.81574249267578,Osmancik,Cammeo
455.406005859375,192.00218200683594,12519.0,12770.0,0.8995444774627686,83.87214660644531,Cammeo,Osmancik
450.14599609375,187.2999267578125,12068.0,12426.0,0.8960662484169006,83.14625549316406,Cammeo,Osmancik
451.08099365234375,185.78115844726562,12375.0,12755.0,0.8857367038726807,86.23738098144531,Cammeo,Osmancik
441.7749938964844,182.46212768554688,12104.0,12378.0,0.88337641954422,85.51346588134766,Cammeo,Osmancik
442.36199951171875,180.03778076171875,12202.0,12521.0,0.8742649555206299,87.39917755126953,Cammeo,Osmancik
441.3659973144531,185.1977081298828,11359.0,11755.0,0.9044992327690125,78.98223114013672,Cammeo,Osmancik
437.8840026855469,181.26580810546875,10785.0,11209.0,0.9035760760307312,77.6593017578125,Cammeo,Osmancik
469.6470031738281,193.92214965820312,13024.0,13422.0,0.8923801779747009,87.51404571533203,Osmancik,Cammeo
456.75299072265625,188.6798553466797,12575.0,12936.0,0.8901318907737732,85.98197174072266,Cammeo,Osmancik
455.2569885253906,192.58999633789062,11749.0,12001.0,0.9142200350761414,78.04095458984375,Osmancik,Cammeo
460.135986328125,190.87037658691406,12384.0,12811.0,0.8951295018196106,85.09120178222656,Cammeo,Osmancik
425.9020080566406,178.7144317626953,10727.0,10960.0,0.9009953737258911,77.53144073486328,Cammeo,Osmancik
432.61199951171875,182.0443115234375,10951.0,11242.0,0.9029948711395264,78.215576171875,Cammeo,Osmancik
438.2619934082031,191.6008758544922,11151.0,11325.0,0.9205424785614014,74.8474349975586,Cammeo,Osmancik
470.6780090332031,202.24447631835938,13629.0,13785.0,0.9041541218757629,86.40013122558594,Osmancik,Cammeo
469.5379943847656,196.46617126464844,13049.0,13409.0,0.899117112159729,85.99484252929688,Osmancik,Cammeo
441.4330139160156,184.41098022460938,11128.0,11403.0,0.9029400944709778,79.25365447998047,Cammeo,Osmancik
441.8599853515625,186.99777221679688,11771.0,12109.0,0.9006226062774658,81.26961517333984,Cammeo,Osmancik
454.4909973144531,195.73446655273438,12390.0,12550.0,0.9095126986503601,81.36215209960938,Osmancik,Cammeo
464.55999755859375,191.3311004638672,13694.0,13918.0,0.8776430487632751,91.70781707763672,Cammeo,Osmancik
463.7760009765625,197.3787384033203,12590.0,12880.0,0.9080236554145813,82.68568420410156,Osmancik,Cammeo
477.82501220703125,190.02635192871094,13576.0,14137.0,0.8755089640617371,91.82109832763672,Osmancik,Cammeo
459.9129943847656,193.3721466064453,12613.0,12937.0,0.8999359607696533,84.31452941894531,Osmancik,Cammeo
463.3219909667969,192.92367553710938,12837.0,13229.0,0.8942209482192993,86.35762023925781,Osmancik,Cammeo
432.97698974609375,181.48440551757812,11694.0,11893.0,0.8893730044364929,82.97145080566406,Cammeo,Osmancik
448.21600341796875,191.74635314941406,11883.0,12103.0,0.91008460521698,79.46400451660156,Cammeo,Osmancik
441.739990234375,181.79627990722656,12029.0,12275.0,0.8827385902404785,85.41960144042969,Cammeo,Osmancik
446.0769958496094,192.0542755126953,11852.0,12029.0,0.9112477898597717,79.09918975830078,Cammeo,Osmancik
464.35699462890625,190.38063049316406,13580.0,13781.0,0.8772984743118286,91.37226867675781,Cammeo,Osmancik
438.8059997558594,181.89268493652344,12347.0,12529.0,0.8785603046417236,86.8776626586914,Cammeo,Osmancik
490.427001953125,209.6511688232422,13950.0,14158.0,0.9133617877960205,85.3592529296875,Osmancik,Cammeo
464.76800537109375,194.30072021484375,12837.0,13053.0,0.8984019756317139,85.33184051513672,Osmancik,Cammeo
474.75201416015625,198.11575317382812,13693.0,14050.0,0.8933360576629639,89.03109741210938,Osmancik,Cammeo
453.0799865722656,192.81546020507812,12712.0,12891.0,0.8985844850540161,84.60753631591797,Osmancik,Cammeo
449.1669921875,188.36325073242188,12044.0,12342.0,0.8989973664283752,82.49445343017578,Cammeo,Osmancik
466.7430114746094,196.69354248046875,12340.0,12774.0,0.9116367697715759,80.84041595458984,Osmancik,Cammeo
438.281005859375,182.18772888183594,12219.0,12471.0,0.8809986710548401,86.19641876220703,Cammeo,Osmancik
449.343994140625,189.1406707763672,11718.0,12133.0,0.9058497548103333,80.11981964111328,Cammeo,Osmancik
454.3890075683594,183.6245574951172,12789.0,13114.0,0.8725012540817261,89.72113037109375,Cammeo,Osmancik
450.1549987792969,188.96038818359375,12060.0,12480.0,0.9000934362411499,82.32945251464844,Cammeo,Osmancik
